Instructor, Culpa URL
Eugene Wu, https://culpa.info/professor/13292
Stephen A. Edwards, https://culpa.info/professor/1637
Steven M. Bellovin, https://culpa.info/professor/3366
Tal Malkin, https://culpa.info/professor/1621
John Hewitt, https://culpa.info/professor/18845
Julia Hirschberg, https://culpa.info/professor/1957
Nakul Verma, https://culpa.info/professor/13496
Tony Jebara, https://culpa.info/professor/1636
Daniel Hsu, https://culpa.info/professor/13116
Richard Zemel, https://culpa.info/professor/14869
Jason Nieh, https://culpa.info/professor/45
Junfeng Yang, https://culpa.info/professor/4214
Suman Jana, https://culpa.info/professor/13672
Xiaodong Wang, https://culpa.info/professor/1816
Henning Schulzrinne, http://culpa.info/professor/350
John Wright, https://culpa.info/professor/11630
Dan Ellis, https://culpa.info/professor/3506
Michele Miozzo, https://culpa.info/professor/703
Niall Bolger, https://culpa.info/professor/2937
Daniel Rabinowitz, https://culpa.info/professor/500
Ying Liu, https://culpa.info/professor/11195